original_directory,published_directory,action
isac_cf_dep__targetcircle_maxmean_50m_10.0m_1t1r_1tg3ue_A2C_1seed,projects/cell-free-isac-ap-deployment/experiments/a2c/1t1r/seed-1,Renamed; file bytes preserved
isac_cf_dep__targetcircle_maxmean_50m_10.0m_1t1r_1tg3ue_A2C_1seed - 副本,,Identical duplicate omitted; see canonical run
isac_cf_dep__targetcircle_maxmean_50m_10.0m_1t1r_1tg3ue_DDPG_1seed,projects/cell-free-isac-ap-deployment/experiments/ddpg/1t1r/seed-1,Renamed; file bytes preserved
isac_cf_dep__targetcircle_maxmean_50m_10.0m_1t1r_1tg3ue_DDPG_1seed - 副本,,Identical duplicate omitted; see canonical run
isac_cf_dep__targetcircle_maxmean_50m_10.0m_1t1r_1tg3ue_PPO_1seed,projects/cell-free-isac-ap-deployment/experiments/ppo/1t1r/seed-1,Renamed; file bytes preserved
isac_cf_dep__targetcircle_maxmean_50m_10.0m_1t1r_1tg3ue_PPO_1seed - 副本,,Identical duplicate omitted; see canonical run
isac_cf_dep__targetcircle_maxmean_50m_10.0m_1t1r_1tg3ue_SAC_1seed,projects/cell-free-isac-ap-deployment/experiments/sac/1t1r/seed-1,Renamed; file bytes preserved
isac_cf_dep__targetcircle_maxmean_50m_10.0m_1t1r_1tg3ue_SAC_1seed - 副本,,Identical duplicate omitted; see canonical run
isac_cf_dep__targetcircle_maxmean_50m_10.0m_1t1r_1tg3ue_TD3_1seed,projects/cell-free-isac-ap-deployment/experiments/td3/1t1r/seed-1,Renamed; file bytes preserved
isac_cf_dep__targetcircle_maxmean_50m_10.0m_1t1r_1tg3ue_TD3_1seed - 副本,,Identical duplicate omitted; see canonical run
isac_cf_dep__targetcircle_maxmean_50m_10.0m_2t2r_1tg3ue_A2C_128seed,projects/cell-free-isac-ap-deployment/experiments/a2c/2t2r/seed-128,Renamed; file bytes preserved
isac_cf_dep__targetcircle_maxmean_50m_10.0m_2t2r_1tg3ue_A2C_128seed - 副本,,Identical duplicate omitted; see canonical run
isac_cf_dep__targetcircle_maxmean_50m_10.0m_2t2r_1tg3ue_A2C_1seed,projects/cell-free-isac-ap-deployment/experiments/a2c/2t2r/seed-1,Renamed; file bytes preserved
isac_cf_dep__targetcircle_maxmean_50m_10.0m_2t2r_1tg3ue_A2C_1seed - 副本,,Identical duplicate omitted; see canonical run
isac_cf_dep__targetcircle_maxmean_50m_10.0m_2t2r_1tg3ue_A2C_256seed,projects/cell-free-isac-ap-deployment/experiments/a2c/2t2r/seed-256,Renamed; file bytes preserved
isac_cf_dep__targetcircle_maxmean_50m_10.0m_2t2r_1tg3ue_A2C_256seed - 副本,,Identical duplicate omitted; see canonical run
isac_cf_dep__targetcircle_maxmean_50m_10.0m_2t2r_1tg3ue_DDPG_128seed,projects/cell-free-isac-ap-deployment/experiments/ddpg/2t2r/seed-128,Renamed; file bytes preserved
isac_cf_dep__targetcircle_maxmean_50m_10.0m_2t2r_1tg3ue_DDPG_1seed,projects/cell-free-isac-ap-deployment/experiments/ddpg/2t2r/seed-1,Renamed; file bytes preserved
isac_cf_dep__targetcircle_maxmean_50m_10.0m_2t2r_1tg3ue_DDPG_1seed - 副本,,Identical duplicate omitted; see canonical run
isac_cf_dep__targetcircle_maxmean_50m_10.0m_2t2r_1tg3ue_DDPG_256seed,projects/cell-free-isac-ap-deployment/experiments/ddpg/2t2r/seed-256,Renamed; file bytes preserved
isac_cf_dep__targetcircle_maxmean_50m_10.0m_2t2r_1tg3ue_PPO_128seed,projects/cell-free-isac-ap-deployment/experiments/ppo/2t2r/seed-128,Renamed; file bytes preserved
isac_cf_dep__targetcircle_maxmean_50m_10.0m_2t2r_1tg3ue_PPO_1seed,projects/cell-free-isac-ap-deployment/experiments/ppo/2t2r/seed-1,Renamed; file bytes preserved
isac_cf_dep__targetcircle_maxmean_50m_10.0m_2t2r_1tg3ue_PPO_256seed,projects/cell-free-isac-ap-deployment/experiments/ppo/2t2r/seed-256,Renamed; file bytes preserved
isac_cf_dep__targetcircle_maxmean_50m_10.0m_2t2r_1tg3ue_SAC_128seed,projects/cell-free-isac-ap-deployment/experiments/sac/2t2r/seed-128,Renamed; file bytes preserved
isac_cf_dep__targetcircle_maxmean_50m_10.0m_2t2r_1tg3ue_SAC_128seed - 副本,,Identical duplicate omitted; see canonical run
isac_cf_dep__targetcircle_maxmean_50m_10.0m_2t2r_1tg3ue_SAC_1seed,projects/cell-free-isac-ap-deployment/experiments/sac/2t2r/seed-1,Renamed; file bytes preserved
isac_cf_dep__targetcircle_maxmean_50m_10.0m_2t2r_1tg3ue_SAC_256seed,projects/cell-free-isac-ap-deployment/experiments/sac/2t2r/seed-256,Renamed; file bytes preserved
isac_cf_dep__targetcircle_maxmean_50m_10.0m_2t2r_1tg3ue_SAC_256seed - 副本,,Identical duplicate omitted; see canonical run
isac_cf_dep__targetcircle_maxmean_50m_10.0m_2t2r_1tg3ue_TD3_128seed,projects/cell-free-isac-ap-deployment/experiments/td3/2t2r/seed-128,Renamed; file bytes preserved
isac_cf_dep__targetcircle_maxmean_50m_10.0m_2t2r_1tg3ue_TD3_1seed,projects/cell-free-isac-ap-deployment/experiments/td3/2t2r/seed-1,Renamed; file bytes preserved
isac_cf_dep__targetcircle_maxmean_50m_10.0m_2t2r_1tg3ue_TD3_1seed - 副本,,Identical duplicate omitted; see canonical run
isac_cf_dep__targetcircle_maxmean_50m_10.0m_2t2r_1tg3ue_TD3_256seed,projects/cell-free-isac-ap-deployment/experiments/td3/2t2r/seed-256,Renamed; file bytes preserved
