,steps,times,rewards,std_rewards,rewards_isac,std_rewards_isac,rewards_s,std_rewards_s,rewards_c,std_rewards_c,best_rewards,best_rewards_isac,best_rewards_s,best_rewards_c
0,256,5,101.14999389648438,0.10919950157403946,101.14999389648438,0.10919950157403946,6636.20458984375,0.0,3.901988983154297,0.004212412051856518,0.4206951444120927,0.4206951444120927,25.922673434082288,0.016228848674958673
1,20480,160,78.84001922607422,0.12823866307735443,78.84001922607422,0.12823866307735443,3893.163330078125,0.0,5.184227466583252,0.008432814851403236,0.4206951444120927,0.4206951444120927,25.922673434082288,0.016228848674958673
2,40704,316,119.22090911865234,0.030035383999347687,119.22090911865234,0.030035383999347687,7515.59619140625,0.0,4.060962200164795,0.0010233491193503141,0.5116510868332256,0.5116510868332256,29.357797213644822,0.017428115710105867
3,60928,471,92.64987182617188,0.11011844128370285,92.64987182617188,0.11011844128370285,7073.861328125,0.0,3.352958917617798,0.003985117189586163,0.5116510868332256,0.5116510868332256,29.357797213644822,0.017428115710105867
4,81152,627,1861.0888671875,14.150315284729004,1861.0888671875,14.150315284729004,7662.10302734375,0.0005980199784971774,62.18120193481445,0.4727805256843567,12.699923133049193,12.699923133049193,29.930088486554848,0.4243195986124209
5,101376,783,2200.388916015625,44.070457458496094,2200.388916015625,44.070457458496094,9203.099609375,0.0,61.20759201049805,1.2258963584899902,17.02483078895727,17.02483078895727,35.94960939871639,0.47357484750766604
6,121600,939,1829.7191162109375,5.688855171203613,1829.7191162109375,5.688855171203613,7701.03759765625,0.0,60.82401657104492,0.18910962343215942,17.02483078895727,17.02483078895727,35.94960939871639,0.47357484750766604
7,141824,1096,2158.613037109375,10.272740364074707,2158.613037109375,10.272740364074707,9023.521484375,0.0,61.2404899597168,0.2914389371871948,17.02483078895727,17.02483078895727,35.94960939871639,0.47357484750766604
8,162048,1252,2263.622314453125,50.80915832519531,2263.622314453125,50.80915832519531,9470.5146484375,0.0,61.18858337402344,1.3734391927719116,18.34957954662311,18.34957954662311,36.99419735288443,0.49601237111831536
9,182272,1409,2255.226806640625,38.23656463623047,2255.226806640625,38.23656463623047,9470.5146484375,0.0,60.961639404296875,1.0335845947265625,18.34957954662311,18.34957954662311,36.99419735288443,0.49601237111831536
10,202496,1565,2223.827392578125,51.73928451538086,2223.827392578125,51.73928451538086,9470.5146484375,0.0,60.11286544799805,1.398578405380249,19.474922491134535,19.474922491134535,36.99419735288443,0.5264318159241285
11,222720,1721,2743.102783203125,22.657377243041992,2743.102783203125,22.657377243041992,11446.7763671875,0.0,61.347782135009766,0.5067159533500671,19.474922491134535,19.474922491134535,36.99419735288443,0.5264318159241285
12,242944,1877,2585.447509765625,36.169376373291016,2585.447509765625,36.169376373291016,11053.77734375,0.0,59.877685546875,0.8376664519309998,21.027651830059476,21.027651830059476,43.17881616407717,0.4869900033885953
13,263168,2033,2619.208984375,43.134395599365234,2619.208984375,43.134395599365234,11053.77734375,0.0,60.659576416015625,0.9989715814590454,21.027651830059476,21.027651830059476,43.17881616407717,0.4869900033885953
14,283392,2189,3098.726318359375,25.7106876373291,3098.726318359375,25.7106876373291,13084.05078125,0.0,60.62907791137695,0.5030489563941956,23.2006190529806,23.2006190529806,51.10957362443301,0.45393881043628015
15,303616,2346,2619.60302734375,69.8434829711914,2619.60302734375,69.8434829711914,11053.77734375,0.0,60.6687126159668,1.6175397634506226,23.2006190529806,23.2006190529806,51.10957362443301,0.45393881043628015
16,323840,2502,3051.031005859375,57.98251724243164,3051.031005859375,57.98251724243164,13084.05078125,0.0,59.69587707519531,1.1344777345657349,23.2006190529806,23.2006190529806,51.10957362443301,0.45393881043628015
17,344064,2657,223.2584228515625,0.3228209614753723,223.2584228515625,0.3228209614753723,14685.31640625,0.0,3.891925573348999,0.005627450533211231,23.2006190529806,23.2006190529806,51.10957362443301,0.45393881043628015
18,364288,2813,3073.486572265625,22.922439575195312,3073.486572265625,22.922439575195312,13084.05078125,0.0,60.1352424621582,0.4484947919845581,23.2006190529806,23.2006190529806,51.10957362443301,0.45393881043628015
19,384512,2968,3109.178466796875,57.618038177490234,3109.178466796875,57.618038177490234,13084.05078125,0.0,60.83357620239258,1.1273438930511475,25.80769544833798,25.80769544833798,51.10957362443301,0.5049483612988032
20,404736,3124,3091.710205078125,3.9822428226470947,3091.710205078125,3.9822428226470947,13084.05078125,0.0,60.49180221557617,0.07791458070278168,25.80769544833798,25.80769544833798,51.10957362443301,0.5049483612988032
21,424960,3279,3139.601806640625,28.38373565673828,3139.601806640625,28.38373565673828,13084.05078125,0.0,61.428836822509766,0.5553491711616516,25.80769544833798,25.80769544833798,51.10957362443301,0.5049483612988032
22,445184,3435,3392.2080078125,27.12467384338379,3392.2080078125,27.12467384338379,14321.0400390625,0.0,60.638427734375,0.48487618565559387,25.80769544833798,25.80769544833798,51.10957362443301,0.5049483612988032
23,465408,3592,3414.818115234375,7.177618026733398,3414.818115234375,7.177618026733398,14321.0400390625,0.0,61.0425910949707,0.12830404937267303,26.030036915718288,26.030036915718288,55.94156091760191,0.465307661937763
24,485632,3747,3544.051513671875,7.776979446411133,3544.051513671875,7.776979446411133,14790.7724609375,0.0,61.34075927734375,0.13460379838943481,29.942394629309916,29.942394629309916,57.776453762502655,0.5182456291345239
25,505856,3904,3458.199951171875,18.623981475830078,3458.199951171875,18.623981475830078,14790.7724609375,0.0,59.85483169555664,0.32234320044517517,29.942394629309916,29.942394629309916,57.776453762502655,0.5182456291345239
26,526080,4061,3569.755615234375,17.704191207885742,3569.755615234375,17.704191207885742,14790.7724609375,0.0,61.78564453125,0.3064262270927429,29.942394629309916,29.942394629309916,57.776453762502655,0.5182456291345239
27,546304,4218,3422.836669921875,10.234659194946289,3422.836669921875,10.234659194946289,14321.0400390625,0.0,61.18592834472656,0.18295210599899292,29.942394629309916,29.942394629309916,57.776453762502655,0.5182456291345239
28,566528,4374,3468.171875,23.031665802001953,3468.171875,23.031665802001953,14321.0400390625,0.0,61.996341705322266,0.4117088317871094,29.942394629309916,29.942394629309916,57.776453762502655,0.5182456291345239
29,586752,4530,3420.341552734375,92.22540283203125,3420.341552734375,92.22540283203125,14321.0400390625,0.0,61.14133071899414,1.648600697517395,31.700150313752857,31.700150313752857,55.94156091760191,0.566665459343278
30,606976,4686,3446.307861328125,55.35490417480469,3446.307861328125,55.35490417480469,14321.0400390625,0.0,61.605499267578125,0.989514172077179,31.700150313752857,31.700150313752857,55.94156091760191,0.566665459343278
31,627200,4843,3483.630126953125,52.05390167236328,3483.630126953125,52.05390167236328,14321.0400390625,0.0,62.27267074584961,0.9305064082145691,31.700150313752857,31.700150313752857,55.94156091760191,0.566665459343278
32,647424,5000,3432.679931640625,135.6341094970703,3432.679931640625,135.6341094970703,14321.0400390625,0.0,61.36189651489258,2.4245686531066895,31.700150313752857,31.700150313752857,55.94156091760191,0.566665459343278
33,667648,5156,3409.4384765625,97.6243667602539,3409.4384765625,97.6243667602539,14321.0400390625,0.0,60.94643020629883,1.7451168298721313,31.700150313752857,31.700150313752857,55.94156091760191,0.566665459343278
34,687872,5313,3394.001708984375,52.842529296875,3394.001708984375,52.842529296875,14321.0400390625,0.0,60.67048263549805,0.9446010589599609,31.700150313752857,31.700150313752857,55.94156091760191,0.566665459343278
35,708096,5470,3392.719482421875,21.246200561523438,3392.719482421875,21.246200561523438,14321.0400390625,0.0,60.64755630493164,0.3797917068004608,31.700150313752857,31.700150313752857,55.94156091760191,0.566665459343278
36,728320,5626,3406.886474609375,53.32355499267578,3406.886474609375,53.32355499267578,14321.0400390625,0.0,60.90080642700195,0.953202486038208,31.700150313752857,31.700150313752857,55.94156091760191,0.566665459343278
37,748544,5782,4928.66748046875,50.12744140625,4928.66748046875,50.12744140625,13831.5166015625,0.0,91.2220230102539,0.927780270576477,32.26928552089965,32.26928552089965,54.029361960309814,0.5972546102729253
38,768768,5939,4854.00146484375,85.9643783569336,4854.00146484375,85.9643783569336,13831.5166015625,0.0,89.84005737304688,1.591064691543579,32.26928552089965,32.26928552089965,54.029361960309814,0.5972546102729253
39,788992,6096,4818.87060546875,38.94367599487305,4818.87060546875,38.94367599487305,13831.5166015625,0.0,89.1898422241211,0.7207873463630676,32.99412108091923,32.99412108091923,54.029361960309814,0.6106701964231382
40,809216,6253,3388.5546875,67.81866455078125,3388.5546875,67.81866455078125,14130.9208984375,0.0,61.3880729675293,1.2286248207092285,32.99412108091923,32.99412108091923,54.029361960309814,0.6106701964231382
41,829440,6410,3388.461181640625,22.77771759033203,3388.461181640625,22.77771759033203,14130.9208984375,0.0,61.386383056640625,0.4126494526863098,32.99412108091923,32.99412108091923,54.029361960309814,0.6106701964231382
42,849664,6567,4881.552734375,34.00674057006836,4881.552734375,34.00674057006836,13831.5166015625,0.0,90.3499984741211,0.6294096112251282,32.99412108091923,32.99412108091923,54.029361960309814,0.6106701964231382
43,869888,6725,4873.63916015625,66.79852294921875,4873.63916015625,66.79852294921875,13831.5166015625,0.0,90.20352935791016,1.2363355159759521,33.4540282939918,33.4540282939918,54.029361960309814,0.6191823682568611
44,890112,6882,4888.26025390625,38.58430480957031,4888.26025390625,38.58430480957031,13831.5166015625,0.0,90.4741439819336,0.714138925075531,34.817437880782755,34.817437880782755,54.029361960309814,0.6444169728741158
45,910336,7041,4922.51025390625,14.314404487609863,4922.51025390625,14.314404487609863,13831.5166015625,0.0,91.10806274414062,0.2649356424808502,34.817437880782755,34.817437880782755,54.029361960309814,0.6444169728741158
46,930560,7209,4919.318359375,19.481632232666016,4919.318359375,19.481632232666016,13831.5166015625,0.0,91.04898071289062,0.360574334859848,34.817437880782755,34.817437880782755,54.029361960309814,0.6444169728741158
47,950784,7371,4893.6103515625,51.47252655029297,4893.6103515625,51.47252655029297,13831.5166015625,0.0,90.57315826416016,0.9526773691177368,34.817437880782755,34.817437880782755,54.029361960309814,0.6444169728741158
48,971008,7530,4918.88330078125,37.90597152709961,4918.88330078125,37.90597152709961,13831.5166015625,0.0,91.04093170166016,0.7015784978866577,37.78823102267095,37.78823102267095,54.029361960309814,0.6994017632566222
49,991232,7687,4954.494140625,64.16751861572266,4954.494140625,64.16751861572266,13831.5166015625,0.0,91.70003509521484,1.1876423358917236,37.78823102267095,37.78823102267095,54.029361960309814,0.6994017632566222
50,1011456,7847,4943.31787109375,49.291934967041016,4943.31787109375,49.291934967041016,13831.5166015625,0.0,91.4931869506836,0.9123167395591736,37.78823102267095,37.78823102267095,54.029361960309814,0.6994017632566222
51,1031680,8004,4899.794921875,43.01482391357422,4899.794921875,43.01482391357422,13831.5166015625,0.0,90.68762969970703,0.7961395382881165,37.78823102267095,37.78823102267095,54.029361960309814,0.6994017632566222
52,1051904,8162,4880.216796875,39.9114875793457,4880.216796875,39.9114875793457,13831.5166015625,0.0,90.32526397705078,0.7386975288391113,37.78823102267095,37.78823102267095,54.029361960309814,0.6994017632566222
53,1072128,8319,4892.56298828125,19.38165283203125,4892.56298828125,19.38165283203125,13831.5166015625,0.0,90.55379486083984,0.3587231934070587,37.78823102267095,37.78823102267095,54.029361960309814,0.6994017632566222
54,1092352,8476,4909.65478515625,47.398258209228516,4909.65478515625,47.398258209228516,13831.5166015625,0.0,90.87012481689453,0.8772688508033752,37.78823102267095,37.78823102267095,54.029361960309814,0.6994017632566222
55,1112576,8634,4845.6875,16.177553176879883,4845.6875,16.177553176879883,13831.5166015625,0.0,89.6861801147461,0.2994200885295868,37.78823102267095,37.78823102267095,54.029361960309814,0.6994017632566222
56,1132800,8790,4848.43310546875,72.24040222167969,4848.43310546875,72.24040222167969,13831.5166015625,0.0,89.73699951171875,1.3370554447174072,37.78823102267095,37.78823102267095,54.029361960309814,0.6994017632566222
57,1153024,8948,4906.62255859375,64.74164581298828,4906.62255859375,64.74164581298828,13831.5166015625,0.0,90.81399536132812,1.1982702016830444,37.78823102267095,37.78823102267095,54.029361960309814,0.6994017632566222
58,1173248,9105,4982.259765625,49.85825729370117,4982.259765625,49.85825729370117,13831.5166015625,0.0,92.21392822265625,0.92280113697052,37.78823102267095,37.78823102267095,54.029361960309814,0.6994017632566222
59,1193472,9264,4895.46240234375,8.463199615478516,4895.46240234375,8.463199615478516,13831.5166015625,0.0,90.6074447631836,0.1566472053527832,37.78823102267095,37.78823102267095,54.029361960309814,0.6994017632566222
60,1213696,9422,4923.40185546875,86.26531219482422,4923.40185546875,86.26531219482422,13831.5166015625,0.0,91.12456512451172,1.5966380834579468,37.78823102267095,37.78823102267095,54.029361960309814,0.6994017632566222
61,1233920,9580,4898.98095703125,66.78775024414062,4898.98095703125,66.78775024414062,13831.5166015625,0.0,90.67256927490234,1.2361395359039307,37.78823102267095,37.78823102267095,54.029361960309814,0.6994017632566222
62,1254144,9737,4951.97900390625,59.9498405456543,4951.97900390625,59.9498405456543,13831.5166015625,0.0,91.65347290039062,1.1095792055130005,37.78823102267095,37.78823102267095,54.029361960309814,0.6994017632566222
63,1274368,9895,4878.25390625,58.46962356567383,4878.25390625,58.46962356567383,13831.5166015625,0.0,90.2889404296875,1.0821839570999146,37.78823102267095,37.78823102267095,54.029361960309814,0.6994017632566222
64,1294592,10053,4910.14501953125,45.31759262084961,4910.14501953125,45.31759262084961,13831.5166015625,0.0,90.87920379638672,0.8387579321861267,37.78823102267095,37.78823102267095,54.029361960309814,0.6994017632566222
65,1314816,10211,4878.94091796875,50.8479118347168,4878.94091796875,50.8479118347168,13831.5166015625,0.0,90.3016586303711,0.9411141276359558,38.56181095628675,38.56181095628675,54.029361960309814,0.7137195324389433
66,1335040,10368,4870.6572265625,38.00064468383789,4870.6572265625,38.00064468383789,13831.5166015625,0.0,90.1483383178711,0.7033339142799377,38.56181095628675,38.56181095628675,54.029361960309814,0.7137195324389433
67,1355264,10526,4866.14111328125,45.65935134887695,4866.14111328125,45.65935134887695,13831.5166015625,0.0,90.06475830078125,0.8450849652290344,38.56181095628675,38.56181095628675,54.029361960309814,0.7137195324389433
68,1375488,10684,4989.353515625,49.675594329833984,4989.353515625,49.675594329833984,13831.5166015625,0.0,92.34522247314453,0.9194167852401733,38.56181095628675,38.56181095628675,54.029361960309814,0.7137195324389433
69,1395712,10843,4903.86376953125,38.76737976074219,4903.86376953125,38.76737976074219,13831.5166015625,0.0,90.762939453125,0.7175260782241821,38.56181095628675,38.56181095628675,54.029361960309814,0.7137195324389433
70,1415936,11002,4931.74365234375,42.984169006347656,4931.74365234375,42.984169006347656,13831.5166015625,0.0,91.27896118164062,0.7955725789070129,38.56181095628675,38.56181095628675,54.029361960309814,0.7137195324389433
71,1436160,11161,4879.37158203125,67.6757583618164,4879.37158203125,67.6757583618164,13831.5166015625,0.0,90.30963134765625,1.252573013305664,38.56181095628675,38.56181095628675,54.029361960309814,0.7137195324389433
72,1456384,11319,4846.47802734375,76.36410522460938,4846.47802734375,76.36410522460938,13831.5166015625,0.0,89.70081329345703,1.4133810997009277,38.56181095628675,38.56181095628675,54.029361960309814,0.7137195324389433
73,1476608,11477,4941.41162109375,14.695929527282715,4941.41162109375,14.695929527282715,13831.5166015625,0.0,91.45789337158203,0.2719985246658325,38.56181095628675,38.56181095628675,54.029361960309814,0.7137195324389433
74,1496832,11634,4916.22607421875,104.5936279296875,4916.22607421875,104.5936279296875,13831.5166015625,0.0,90.99175262451172,1.9358644485473633,38.56181095628675,38.56181095628675,54.029361960309814,0.7137195324389433
75,1517056,11791,4902.375,88.3218765258789,4902.375,88.3218765258789,13831.5166015625,0.0,90.73538208007812,1.6347013711929321,38.56181095628675,38.56181095628675,54.029361960309814,0.7137195324389433
76,1537280,11948,4897.54443359375,67.74164581298828,4897.54443359375,67.74164581298828,13831.5166015625,0.0,90.6459732055664,1.253795862197876,38.56181095628675,38.56181095628675,54.029361960309814,0.7137195324389433
77,1557504,12107,4856.61083984375,21.059162139892578,4856.61083984375,21.059162139892578,13831.5166015625,0.0,89.88835906982422,0.38977065682411194,38.56181095628675,38.56181095628675,54.029361960309814,0.7137195324389433
78,1577728,12264,4909.76904296875,40.27788162231445,4909.76904296875,40.27788162231445,13831.5166015625,0.0,90.87223052978516,0.745479941368103,38.56181095628675,38.56181095628675,54.029361960309814,0.7137195324389433
79,1597952,12422,4881.45751953125,68.39078521728516,4881.45751953125,68.39078521728516,13831.5166015625,0.0,90.34822845458984,1.2658112049102783,38.56181095628675,38.56181095628675,54.029361960309814,0.7137195324389433
80,1618176,12581,4898.96142578125,76.2979507446289,4898.96142578125,76.2979507446289,13831.5166015625,0.0,90.67221069335938,1.4121594429016113,38.56181095628675,38.56181095628675,54.029361960309814,0.7137195324389433
81,1638400,12737,4907.97900390625,49.05820083618164,4907.97900390625,49.05820083618164,13831.5166015625,0.0,90.839111328125,0.907990574836731,38.56181095628675,38.56181095628675,54.029361960309814,0.7137195324389433
82,1658624,12895,4860.73681640625,42.80342483520508,4860.73681640625,42.80342483520508,13831.5166015625,0.0,89.9647216796875,0.7922217845916748,38.56181095628675,38.56181095628675,54.029361960309814,0.7137195324389433
83,1678848,13052,4892.30615234375,105.43521881103516,4892.30615234375,105.43521881103516,13831.5166015625,0.0,90.54901885986328,1.9514422416687012,38.56181095628675,38.56181095628675,54.029361960309814,0.7137195324389433
84,1699072,13210,4915.24169921875,59.776004791259766,4915.24169921875,59.776004791259766,13831.5166015625,0.0,90.97351837158203,1.1063613891601562,38.56181095628675,38.56181095628675,54.029361960309814,0.7137195324389433
85,1719296,13369,4917.65673828125,64.04622650146484,4917.65673828125,64.04622650146484,13831.5166015625,0.0,91.01822662353516,1.1853924989700317,38.56181095628675,38.56181095628675,54.029361960309814,0.7137195324389433
86,1739520,13527,4926.240234375,4.268548488616943,4926.240234375,4.268548488616943,13831.5166015625,0.0,91.17709350585938,0.07900454103946686,38.56181095628675,38.56181095628675,54.029361960309814,0.7137195324389433
87,1759744,13685,4958.83740234375,15.609033584594727,4958.83740234375,15.609033584594727,13831.5166015625,0.0,91.7804183959961,0.2889035642147064,38.56181095628675,38.56181095628675,54.029361960309814,0.7137195324389433
88,1779968,13843,4855.7021484375,41.512516021728516,4855.7021484375,41.512516021728516,13831.5166015625,0.0,89.87154388427734,0.7683284282684326,38.56181095628675,38.56181095628675,54.029361960309814,0.7137195324389433
89,1800192,14001,4924.12841796875,82.43514251708984,4924.12841796875,82.43514251708984,13831.5166015625,0.0,91.13800811767578,1.5257452726364136,38.56181095628675,38.56181095628675,54.029361960309814,0.7137195324389433
90,1820416,14158,4913.78759765625,62.98711013793945,4913.78759765625,62.98711013793945,13831.5166015625,0.0,90.94661712646484,1.1657918691635132,38.56181095628675,38.56181095628675,54.029361960309814,0.7137195324389433
91,1840640,14317,4904.32568359375,72.89039611816406,4904.32568359375,72.89039611816406,13831.5166015625,0.0,90.771484375,1.3490902185440063,38.56181095628675,38.56181095628675,54.029361960309814,0.7137195324389433
92,1860864,14474,4948.58935546875,58.49846649169922,4948.58935546875,58.49846649169922,13831.5166015625,0.0,91.59073638916016,1.0827142000198364,38.56181095628675,38.56181095628675,54.029361960309814,0.7137195324389433
93,1881088,14633,4954.81982421875,47.89143371582031,4954.81982421875,47.89143371582031,13831.5166015625,0.0,91.7060546875,0.8863939642906189,38.56181095628675,38.56181095628675,54.029361960309814,0.7137195324389433
94,1901312,14790,4887.47607421875,5.900147914886475,4887.47607421875,5.900147914886475,13831.5166015625,0.0,90.45963287353516,0.10920620709657669,44.60905291142256,44.60905291142256,54.029361960309814,0.8256446364144101
95,1921536,14947,4895.228515625,14.16999340057373,4895.228515625,14.16999340057373,13831.5166015625,0.0,90.60311126708984,0.26226502656936646,44.60905291142256,44.60905291142256,54.029361960309814,0.8256446364144101
96,1941760,15105,5004.31201171875,36.33048629760742,5004.31201171875,36.33048629760742,13831.5166015625,0.0,92.6220703125,0.672421932220459,44.60905291142256,44.60905291142256,54.029361960309814,0.8256446364144101
97,1961984,15263,4891.990234375,66.69145202636719,4891.990234375,66.69145202636719,13831.5166015625,0.0,90.54317474365234,1.2343536615371704,44.60905291142256,44.60905291142256,54.029361960309814,0.8256446364144101
98,1982208,15422,5006.25439453125,45.90731430053711,5006.25439453125,45.90731430053711,13831.5166015625,0.0,92.65802764892578,0.8496739268302917,44.60905291142256,44.60905291142256,54.029361960309814,0.8256446364144101
99,2002432,15581,4906.03515625,71.47691345214844,4906.03515625,71.47691345214844,13831.5166015625,0.0,90.80313110351562,1.322930932044983,44.60905291142256,44.60905291142256,54.029361960309814,0.8256446364144101
100,2022656,15741,4885.64501953125,36.893531799316406,4885.64501953125,36.893531799316406,13831.5166015625,0.0,90.42574310302734,0.6828442811965942,44.60905291142256,44.60905291142256,54.029361960309814,0.8256446364144101
101,2042880,15899,4919.4423828125,53.25694274902344,4919.4423828125,53.25694274902344,13831.5166015625,0.0,91.05127716064453,0.9857032895088196,44.60905291142256,44.60905291142256,54.029361960309814,0.8256446364144101
102,2063104,16056,4906.45947265625,53.103050231933594,4906.45947265625,53.103050231933594,13831.5166015625,0.0,90.81098175048828,0.9828575849533081,44.60905291142256,44.60905291142256,54.029361960309814,0.8256446364144101
103,2083328,16214,4866.00537109375,36.000911712646484,4866.00537109375,36.000911712646484,13831.5166015625,0.0,90.0622329711914,0.6663215756416321,44.60905291142256,44.60905291142256,54.029361960309814,0.8256446364144101
104,2103552,16372,4910.24462890625,53.14454650878906,4910.24462890625,53.14454650878906,13831.5166015625,0.0,90.88104248046875,0.9836254119873047,44.60905291142256,44.60905291142256,54.029361960309814,0.8256446364144101
105,2123776,16531,4898.20263671875,20.62405014038086,4898.20263671875,20.62405014038086,13831.5166015625,0.0,90.65816497802734,0.3817252218723297,44.60905291142256,44.60905291142256,54.029361960309814,0.8256446364144101
106,2144000,16689,4863.89892578125,61.06111526489258,4863.89892578125,61.06111526489258,13831.5166015625,0.0,90.02326202392578,1.1301467418670654,44.60905291142256,44.60905291142256,54.029361960309814,0.8256446364144101
107,2164224,16847,4913.17236328125,10.368561744689941,4913.17236328125,10.368561744689941,13831.5166015625,0.0,90.93523406982422,0.19190655648708344,44.60905291142256,44.60905291142256,54.029361960309814,0.8256446364144101
108,2184448,17004,4937.76025390625,88.35202026367188,4937.76025390625,88.35202026367188,13831.5166015625,0.0,91.39031219482422,1.6352593898773193,44.60905291142256,44.60905291142256,54.029361960309814,0.8256446364144101
109,2204672,17161,4914.373046875,24.503786087036133,4914.373046875,24.503786087036133,13831.5166015625,0.0,90.95745849609375,0.45352625846862793,44.60905291142256,44.60905291142256,54.029361960309814,0.8256446364144101
110,2224896,17319,4828.93798828125,75.54249572753906,4828.93798828125,75.54249572753906,13831.5166015625,0.0,89.37618255615234,1.3981777429580688,44.60905291142256,44.60905291142256,54.029361960309814,0.8256446364144101
111,2245120,17478,4952.01025390625,77.38987731933594,4952.01025390625,77.38987731933594,13831.5166015625,0.0,91.65406036376953,1.4323697090148926,44.60905291142256,44.60905291142256,54.029361960309814,0.8256446364144101
112,2265344,17637,4865.27783203125,79.77436065673828,4865.27783203125,79.77436065673828,13831.5166015625,0.0,90.04876708984375,1.476495623588562,44.60905291142256,44.60905291142256,54.029361960309814,0.8256446364144101
113,2285568,17794,4918.33935546875,43.3087043762207,4918.33935546875,43.3087043762207,13831.5166015625,0.0,91.0308609008789,0.8015789985656738,44.60905291142256,44.60905291142256,54.029361960309814,0.8256446364144101
114,2305792,17953,4904.11083984375,1.5450550317764282,4904.11083984375,1.5450550317764282,13831.5166015625,0.0,90.76751708984375,0.028597265481948853,44.60905291142256,44.60905291142256,54.029361960309814,0.8256446364144101
115,2326016,18110,4903.34619140625,119.2962417602539,4903.34619140625,119.2962417602539,13831.5166015625,0.0,90.75337982177734,2.2079877853393555,44.60905291142256,44.60905291142256,54.029361960309814,0.8256446364144101
116,2346240,18268,4901.12353515625,46.59635925292969,4901.12353515625,46.59635925292969,13831.5166015625,0.0,90.71222686767578,0.8624261021614075,44.60905291142256,44.60905291142256,54.029361960309814,0.8256446364144101
117,2366464,18427,4862.837890625,64.50009155273438,4862.837890625,64.50009155273438,13831.5166015625,0.0,90.00362396240234,1.1937963962554932,44.60905291142256,44.60905291142256,54.029361960309814,0.8256446364144101
118,2386688,18586,4942.68505859375,40.245094299316406,4942.68505859375,40.245094299316406,13831.5166015625,0.0,91.4814682006836,0.744878888130188,44.60905291142256,44.60905291142256,54.029361960309814,0.8256446364144101
119,2406912,18746,4842.31494140625,58.795013427734375,4842.31494140625,58.795013427734375,13831.5166015625,0.0,89.62377166748047,1.0882021188735962,44.60905291142256,44.60905291142256,54.029361960309814,0.8256446364144101
120,2427136,18904,4909.42578125,43.012420654296875,4909.42578125,43.012420654296875,13831.5166015625,0.0,90.86588287353516,0.7960894703865051,44.60905291142256,44.60905291142256,54.029361960309814,0.8256446364144101
121,2447360,19062,4904.40283203125,109.60052490234375,4904.40283203125,109.60052490234375,13831.5166015625,0.0,90.77291870117188,2.0285332202911377,44.60905291142256,44.60905291142256,54.029361960309814,0.8256446364144101
122,2467584,19220,4929.703125,21.577394485473633,4929.703125,21.577394485473633,13831.5166015625,0.0,91.2411880493164,0.39936619997024536,44.60905291142256,44.60905291142256,54.029361960309814,0.8256446364144101
123,2487808,19378,4907.00146484375,49.832332611083984,4907.00146484375,49.832332611083984,13831.5166015625,0.0,90.82100677490234,0.9223199486732483,44.60905291142256,44.60905291142256,54.029361960309814,0.8256446364144101
124,2508032,19537,4956.736328125,33.473426818847656,4956.736328125,33.473426818847656,13831.5166015625,0.0,91.74153900146484,0.6195425391197205,44.60905291142256,44.60905291142256,54.029361960309814,0.8256446364144101
125,2528256,19696,4970.619140625,81.35095977783203,4970.619140625,81.35095977783203,13831.5166015625,0.0,91.99847412109375,1.505680799484253,44.60905291142256,44.60905291142256,54.029361960309814,0.8256446364144101
126,2548480,19854,4914.61962890625,57.09343719482422,4914.61962890625,57.09343719482422,13831.5166015625,0.0,90.96200561523438,1.056706428527832,44.60905291142256,44.60905291142256,54.029361960309814,0.8256446364144101
127,2568704,20013,4925.81787109375,50.733131408691406,4925.81787109375,50.733131408691406,13831.5166015625,0.0,91.16927337646484,0.9389932155609131,44.60905291142256,44.60905291142256,54.029361960309814,0.8256446364144101
128,2588928,20171,4903.28173828125,10.358054161071777,4903.28173828125,10.358054161071777,13831.5166015625,0.0,90.7521743774414,0.19171154499053955,44.60905291142256,44.60905291142256,54.029361960309814,0.8256446364144101
129,2609152,20327,4900.40576171875,9.254891395568848,4900.40576171875,9.254891395568848,13831.5166015625,0.0,90.69894409179688,0.17129379510879517,44.60905291142256,44.60905291142256,54.029361960309814,0.8256446364144101
130,2629376,20485,4919.63525390625,26.602941513061523,4919.63525390625,26.602941513061523,13831.5166015625,0.0,91.05484771728516,0.49237939715385437,44.60905291142256,44.60905291142256,54.029361960309814,0.8256446364144101
131,2649600,20642,4871.62841796875,60.539886474609375,4871.62841796875,60.539886474609375,13831.5166015625,0.0,90.16631317138672,1.1204986572265625,44.60905291142256,44.60905291142256,54.029361960309814,0.8256446364144101
132,2669824,20801,4919.12158203125,93.52196502685547,4919.12158203125,93.52196502685547,13831.5166015625,0.0,91.04534149169922,1.73094642162323,44.60905291142256,44.60905291142256,54.029361960309814,0.8256446364144101
133,2690048,20958,4858.68408203125,30.572267532348633,4858.68408203125,30.572267532348633,13831.5166015625,0.0,89.92672729492188,0.5658464431762695,44.60905291142256,44.60905291142256,54.029361960309814,0.8256446364144101
134,2710272,21116,4907.5576171875,61.518333435058594,4907.5576171875,61.518333435058594,13831.5166015625,0.0,90.83130645751953,1.1386128664016724,44.60905291142256,44.60905291142256,54.029361960309814,0.8256446364144101
135,2730496,21274,4878.50048828125,50.0013542175293,4878.50048828125,50.0013542175293,13831.5166015625,0.0,90.29349517822266,0.9254451394081116,44.60905291142256,44.60905291142256,54.029361960309814,0.8256446364144101
136,2750720,21432,4892.31396484375,55.56132507324219,4892.31396484375,55.56132507324219,13831.5166015625,0.0,90.5491714477539,1.0283515453338623,44.60905291142256,44.60905291142256,54.029361960309814,0.8256446364144101
137,2770944,21591,4887.77978515625,60.051666259765625,4887.77978515625,60.051666259765625,13831.5166015625,0.0,90.46524810791016,1.111459732055664,44.60905291142256,44.60905291142256,54.029361960309814,0.8256446364144101
138,2791168,21749,4878.9423828125,47.004817962646484,4878.9423828125,47.004817962646484,13831.5166015625,0.0,90.30168914794922,0.8699831962585449,44.60905291142256,44.60905291142256,54.029361960309814,0.8256446364144101
139,2811392,21908,4893.46728515625,60.46675109863281,4893.46728515625,60.46675109863281,13831.5166015625,0.0,90.57051849365234,1.1191461086273193,44.60905291142256,44.60905291142256,54.029361960309814,0.8256446364144101
140,2831616,22065,4930.09326171875,34.33869552612305,4930.09326171875,34.33869552612305,13831.5166015625,0.0,91.24840545654297,0.6355540156364441,44.60905291142256,44.60905291142256,54.029361960309814,0.8256446364144101
141,2851840,22223,4883.28955078125,58.65925979614258,4883.28955078125,58.65925979614258,13831.5166015625,0.0,90.38214874267578,1.0856894254684448,44.60905291142256,44.60905291142256,54.029361960309814,0.8256446364144101
142,2872064,22380,4887.39990234375,51.2202262878418,4887.39990234375,51.2202262878418,13831.5166015625,0.0,90.45822143554688,0.9480075836181641,44.60905291142256,44.60905291142256,54.029361960309814,0.8256446364144101
143,2892288,22539,4870.5810546875,23.360626220703125,4870.5810546875,23.360626220703125,13831.5166015625,0.0,90.14693450927734,0.43237245082855225,44.60905291142256,44.60905291142256,54.029361960309814,0.8256446364144101
144,2912512,22696,4882.36328125,31.037260055541992,4882.36328125,31.037260055541992,13831.5166015625,0.0,90.36499786376953,0.5744529366493225,44.60905291142256,44.60905291142256,54.029361960309814,0.8256446364144101
145,2932736,22853,4890.15087890625,25.346393585205078,4890.15087890625,25.346393585205078,13831.5166015625,0.0,90.5091323852539,0.46912455558776855,44.60905291142256,44.60905291142256,54.029361960309814,0.8256446364144101
146,2952960,23011,4944.796875,62.378318786621094,4944.796875,62.378318786621094,13831.5166015625,0.0,91.52054595947266,1.1545295715332031,44.60905291142256,44.60905291142256,54.029361960309814,0.8256446364144101
147,2973184,23168,4896.25830078125,40.31202697753906,4896.25830078125,40.31202697753906,13831.5166015625,0.0,90.62218475341797,0.7461115121841431,44.60905291142256,44.60905291142256,54.029361960309814,0.8256446364144101
148,2993408,23326,4905.55712890625,30.2112979888916,4905.55712890625,30.2112979888916,13831.5166015625,0.0,90.79428100585938,0.5591643452644348,44.60905291142256,44.60905291142256,54.029361960309814,0.8256446364144101
149,3013632,23483,4921.22265625,22.144775390625,4921.22265625,22.144775390625,13831.5166015625,0.0,91.084228515625,0.40986257791519165,44.60905291142256,44.60905291142256,54.029361960309814,0.8256446364144101
150,3033856,23643,4930.91455078125,14.026114463806152,4930.91455078125,14.026114463806152,13831.5166015625,0.0,91.26361083984375,0.2595974802970886,44.60905291142256,44.60905291142256,54.029361960309814,0.8256446364144101
151,3054080,23801,4906.0302734375,80.82978057861328,4906.0302734375,80.82978057861328,13831.5166015625,0.0,90.80303955078125,1.496038556098938,44.60905291142256,44.60905291142256,54.029361960309814,0.8256446364144101
152,3074304,23960,4962.61474609375,113.9056396484375,4962.61474609375,113.9056396484375,13831.5166015625,0.0,91.85033416748047,2.1082170009613037,44.60905291142256,44.60905291142256,54.029361960309814,0.8256446364144101
153,3094528,24119,4916.77001953125,44.532901763916016,4916.77001953125,44.532901763916016,13831.5166015625,0.0,91.0018081665039,0.8242377042770386,44.60905291142256,44.60905291142256,54.029361960309814,0.8256446364144101
154,3114752,24277,4929.23974609375,76.3837890625,4929.23974609375,76.3837890625,13831.5166015625,0.0,91.23261260986328,1.4137449264526367,44.60905291142256,44.60905291142256,54.029361960309814,0.8256446364144101
155,3134976,24435,4877.291015625,36.71527099609375,4877.291015625,36.71527099609375,13831.5166015625,0.0,90.27112579345703,0.6795399785041809,44.60905291142256,44.60905291142256,54.029361960309814,0.8256446364144101
156,3155200,24594,4977.70166015625,31.301971435546875,4977.70166015625,31.301971435546875,13831.5166015625,0.0,92.12957000732422,0.5793499946594238,44.60905291142256,44.60905291142256,54.029361960309814,0.8256446364144101
157,3175424,24752,4890.140625,12.581830978393555,4890.140625,12.581830978393555,13831.5166015625,0.0,90.50894927978516,0.23287059366703033,44.60905291142256,44.60905291142256,54.029361960309814,0.8256446364144101
158,3195648,24911,4882.88720703125,66.98473358154297,4882.88720703125,66.98473358154297,13831.5166015625,0.0,90.37470245361328,1.2397842407226562,44.60905291142256,44.60905291142256,54.029361960309814,0.8256446364144101
159,3215872,25070,4902.865234375,76.64641571044922,4902.865234375,76.64641571044922,13831.5166015625,0.0,90.74445343017578,1.4186068773269653,44.60905291142256,44.60905291142256,54.029361960309814,0.8256446364144101
160,3236096,25228,4906.45166015625,13.188913345336914,4906.45166015625,13.188913345336914,13831.5166015625,0.0,90.81082916259766,0.24410489201545715,44.60905291142256,44.60905291142256,54.029361960309814,0.8256446364144101
161,3256320,25387,4923.703125,21.55870246887207,4923.703125,21.55870246887207,13831.5166015625,0.0,91.130126953125,0.39901819825172424,44.60905291142256,44.60905291142256,54.029361960309814,0.8256446364144101
162,3276544,25545,4905.97314453125,71.8421401977539,4905.97314453125,71.8421401977539,13831.5166015625,0.0,90.8019790649414,1.3296895027160645,44.60905291142256,44.60905291142256,54.029361960309814,0.8256446364144101
163,3296768,25704,4940.14404296875,32.697227478027344,4940.14404296875,32.697227478027344,13831.5166015625,0.0,91.43444061279297,0.6051754355430603,44.60905291142256,44.60905291142256,54.029361960309814,0.8256446364144101
164,3316992,25864,4854.45849609375,76.72972106933594,4854.45849609375,76.72972106933594,13831.5166015625,0.0,89.8485336303711,1.4201457500457764,44.60905291142256,44.60905291142256,54.029361960309814,0.8256446364144101
165,3337216,26022,3343.8515625,39.83976745605469,3343.8515625,39.83976745605469,14048.80078125,0.0,60.932315826416016,0.725969672203064,44.60905291142256,44.60905291142256,54.029361960309814,0.8256446364144101
166,3357440,26180,3469.958984375,61.16457748413086,3469.958984375,61.16457748413086,14048.80078125,0.0,63.23027420043945,1.1145559549331665,44.60905291142256,44.60905291142256,54.029361960309814,0.8256446364144101
167,3377664,26337,4720.126953125,37.514766693115234,4720.126953125,37.514766693115234,13367.7763671875,0.0,90.39293670654297,0.7184309959411621,44.60905291142256,44.60905291142256,54.029361960309814,0.8256446364144101
168,3397888,26495,4884.26953125,80.29447937011719,4884.26953125,80.29447937011719,13831.5166015625,0.0,90.40027618408203,1.4861259460449219,44.60905291142256,44.60905291142256,54.029361960309814,0.8256446364144101
169,3418112,26654,4943.22900390625,32.50153732299805,4943.22900390625,32.50153732299805,13831.5166015625,0.0,91.49152374267578,0.601554274559021,44.60905291142256,44.60905291142256,54.029361960309814,0.8256446364144101
170,3438336,26812,4909.50048828125,70.81798553466797,4909.50048828125,70.81798553466797,13831.5166015625,0.0,90.86727142333984,1.3107295036315918,44.60905291142256,44.60905291142256,54.029361960309814,0.8256446364144101
171,3458560,26971,4880.79638671875,24.06316375732422,4880.79638671875,24.06316375732422,13831.5166015625,0.0,90.33599853515625,0.4453686773777008,44.60905291142256,44.60905291142256,54.029361960309814,0.8256446364144101
172,3478784,27128,4859.96435546875,72.72872161865234,4859.96435546875,72.72872161865234,13831.5166015625,0.0,89.9504165649414,1.3460948467254639,44.60905291142256,44.60905291142256,54.029361960309814,0.8256446364144101
173,3499008,27285,4974.728515625,7.352087497711182,4974.728515625,7.352087497711182,13831.5166015625,0.0,92.07454681396484,0.13607624173164368,44.60905291142256,44.60905291142256,54.029361960309814,0.8256446364144101
174,3519232,27442,4923.39111328125,121.70958709716797,4923.39111328125,121.70958709716797,13831.5166015625,0.0,91.1243667602539,2.2526566982269287,44.60905291142256,44.60905291142256,54.029361960309814,0.8256446364144101
175,3539456,27601,4881.78076171875,122.69564819335938,4881.78076171875,122.69564819335938,13831.5166015625,0.0,90.3542251586914,2.270906686782837,44.60905291142256,44.60905291142256,54.029361960309814,0.8256446364144101
176,3559680,27759,4885.56689453125,58.572715759277344,4885.56689453125,58.572715759277344,13831.5166015625,0.0,90.4242935180664,1.0840915441513062,44.60905291142256,44.60905291142256,54.029361960309814,0.8256446364144101
177,3579904,27918,4981.11474609375,18.807588577270508,4981.11474609375,18.807588577270508,13831.5166015625,0.0,92.19274139404297,0.3480987250804901,44.60905291142256,44.60905291142256,54.029361960309814,0.8256446364144101
178,3600128,28076,4889.68701171875,56.17400360107422,4889.68701171875,56.17400360107422,13831.5166015625,0.0,90.50054931640625,1.0396935939788818,44.60905291142256,44.60905291142256,54.029361960309814,0.8256446364144101
179,3620352,28234,4782.18310546875,38.583580017089844,4782.18310546875,38.583580017089844,13367.7763671875,0.0,91.58133697509766,0.7388982772827148,44.60905291142256,44.60905291142256,54.029361960309814,0.8256446364144101
180,3640576,28392,4348.5302734375,77.69713592529297,4348.5302734375,77.69713592529297,12242.5263671875,0.0011960399569943547,90.9308853149414,1.6247035264968872,44.60905291142256,44.60905291142256,54.029361960309814,0.8256446364144101
181,3660800,28549,4929.7109375,54.06662368774414,4929.7109375,54.06662368774414,13831.5166015625,0.0,91.2413330078125,1.0006908178329468,44.60905291142256,44.60905291142256,54.029361960309814,0.8256446364144101
182,3681024,28709,4946.173828125,88.46788787841797,4946.173828125,88.46788787841797,13831.5166015625,0.0,91.54602813720703,1.6374014616012573,44.60905291142256,44.60905291142256,54.029361960309814,0.8256446364144101
183,3701248,28867,4905.22900390625,19.618785858154297,4905.22900390625,19.618785858154297,13831.5166015625,0.0,90.7882080078125,0.36311203241348267,44.60905291142256,44.60905291142256,54.029361960309814,0.8256446364144101
184,3721472,29026,4892.13623046875,19.797679901123047,4892.13623046875,19.797679901123047,13831.5166015625,0.0,90.5458755493164,0.3664257824420929,44.60905291142256,44.60905291142256,54.029361960309814,0.8256446364144101
185,3741696,29184,4949.14501953125,38.96553039550781,4949.14501953125,38.96553039550781,13831.5166015625,0.0,91.60102081298828,0.7211933732032776,44.60905291142256,44.60905291142256,54.029361960309814,0.8256446364144101
186,3761920,29341,4856.80712890625,31.91045570373535,4856.80712890625,31.91045570373535,13831.5166015625,0.0,89.89199829101562,0.5906171202659607,44.60905291142256,44.60905291142256,54.029361960309814,0.8256446364144101
187,3782144,29499,4898.11669921875,85.88473510742188,4898.11669921875,85.88473510742188,13831.5166015625,0.0,90.65657806396484,1.5895965099334717,44.60905291142256,44.60905291142256,54.029361960309814,0.8256446364144101
188,3802368,29657,4936.61181640625,39.61281204223633,4936.61181640625,39.61281204223633,13831.5166015625,0.0,91.36905670166016,0.733173668384552,44.60905291142256,44.60905291142256,54.029361960309814,0.8256446364144101
189,3822592,29815,4825.955078125,58.12150192260742,4825.955078125,58.12150192260742,13831.5166015625,0.0,89.32097625732422,1.0757386684417725,44.60905291142256,44.60905291142256,54.029361960309814,0.8256446364144101
190,3842816,29973,4932.32958984375,32.63985824584961,4932.32958984375,32.63985824584961,13831.5166015625,0.0,91.289794921875,0.6041178703308105,44.60905291142256,44.60905291142256,54.029361960309814,0.8256446364144101
191,3863040,30132,4974.83544921875,36.961204528808594,4974.83544921875,36.961204528808594,13831.5166015625,0.0,92.0765151977539,0.6840965747833252,44.60905291142256,44.60905291142256,54.029361960309814,0.8256446364144101
192,3883264,30290,4896.26513671875,77.22035217285156,4896.26513671875,77.22035217285156,13831.5166015625,0.0,90.6222915649414,1.4292280673980713,44.60905291142256,44.60905291142256,54.029361960309814,0.8256446364144101
193,3903488,30447,4939.19970703125,113.08219909667969,4939.19970703125,113.08219909667969,13831.5166015625,0.0,91.41696166992188,2.092979669570923,44.60905291142256,44.60905291142256,54.029361960309814,0.8256446364144101
194,3923712,30605,4930.00439453125,25.191312789916992,4930.00439453125,25.191312789916992,13831.5166015625,0.0,91.24676513671875,0.4662497639656067,44.60905291142256,44.60905291142256,54.029361960309814,0.8256446364144101
195,3943936,30763,4924.302734375,60.482486724853516,4924.302734375,60.482486724853516,13831.5166015625,0.0,91.14122772216797,1.1194356679916382,44.60905291142256,44.60905291142256,54.029361960309814,0.8256446364144101
196,3964160,30922,4895.10107421875,42.16919708251953,4895.10107421875,42.16919708251953,13831.5166015625,0.0,90.60074615478516,0.7804895639419556,44.60905291142256,44.60905291142256,54.029361960309814,0.8256446364144101
197,3984384,31080,4939.65625,92.31175994873047,4939.65625,92.31175994873047,13831.5166015625,0.0,91.42540740966797,1.7085492610931396,44.60905291142256,44.60905291142256,54.029361960309814,0.8256446364144101
198,4004608,31237,4915.90087890625,36.40437316894531,4915.90087890625,36.40437316894531,13831.5166015625,0.0,90.98572540283203,0.6737854480743408,44.60905291142256,44.60905291142256,54.029361960309814,0.8256446364144101
199,4024832,31394,4918.20166015625,43.739402770996094,4918.20166015625,43.739402770996094,13831.5166015625,0.0,91.0283203125,0.8095484375953674,44.60905291142256,44.60905291142256,54.029361960309814,0.8256446364144101
200,4045056,31552,4851.57568359375,99.43054962158203,4851.57568359375,99.43054962158203,13831.5166015625,0.0,89.795166015625,1.8403074741363525,44.60905291142256,44.60905291142256,54.029361960309814,0.8256446364144101
201,4065280,31711,4905.33642578125,37.01734924316406,4905.33642578125,37.01734924316406,13831.5166015625,0.0,90.79019927978516,0.6851288080215454,44.60905291142256,44.60905291142256,54.029361960309814,0.8256446364144101
202,4085504,31869,4899.01318359375,89.39085388183594,4899.01318359375,89.39085388183594,13831.5166015625,0.0,90.67316436767578,1.6544830799102783,44.60905291142256,44.60905291142256,54.029361960309814,0.8256446364144101
203,4105728,32029,4892.30810546875,28.54556655883789,4892.30810546875,28.54556655883789,13831.5166015625,0.0,90.54906463623047,0.5283318161964417,44.60905291142256,44.60905291142256,54.029361960309814,0.8256446364144101
204,4125952,32187,4910.14892578125,47.130374908447266,4910.14892578125,47.130374908447266,13831.5166015625,0.0,90.87928009033203,0.872312068939209,44.60905291142256,44.60905291142256,54.029361960309814,0.8256446364144101
205,4146176,32345,4953.15673828125,43.85997009277344,4953.15673828125,43.85997009277344,13831.5166015625,0.0,91.6752700805664,0.8117796778678894,44.60905291142256,44.60905291142256,54.029361960309814,0.8256446364144101
206,4166400,32503,4971.5283203125,46.31038284301758,4971.5283203125,46.31038284301758,13831.5166015625,0.0,92.01531219482422,0.857136607170105,44.60905291142256,44.60905291142256,54.029361960309814,0.8256446364144101
207,4186624,32661,4915.20751953125,31.960124969482422,4915.20751953125,31.960124969482422,13831.5166015625,0.0,90.97289276123047,0.5915321111679077,44.60905291142256,44.60905291142256,54.029361960309814,0.8256446364144101
208,4206848,32820,4894.81884765625,101.6533432006836,4894.81884765625,101.6533432006836,13831.5166015625,0.0,90.59554290771484,1.8814505338668823,44.60905291142256,44.60905291142256,54.029361960309814,0.8256446364144101
209,4227072,32980,4943.65673828125,48.81198501586914,4943.65673828125,48.81198501586914,13831.5166015625,0.0,91.49944305419922,0.9034327864646912,44.60905291142256,44.60905291142256,54.029361960309814,0.8256446364144101
210,4247296,33138,4871.15380859375,50.049652099609375,4871.15380859375,50.049652099609375,13831.5166015625,0.0,90.15753173828125,0.926340639591217,44.60905291142256,44.60905291142256,54.029361960309814,0.8256446364144101
211,4267520,33296,4946.04296875,96.42930603027344,4946.04296875,96.42930603027344,13831.5166015625,0.0,91.54360961914062,1.784762978553772,44.60905291142256,44.60905291142256,54.029361960309814,0.8256446364144101
212,4287744,33453,4909.59375,18.145069122314453,4909.59375,18.145069122314453,13831.5166015625,0.0,90.8689956665039,0.3358421325683594,44.60905291142256,44.60905291142256,54.029361960309814,0.8256446364144101
213,4307968,33610,4938.59521484375,125.68359375,4938.59521484375,125.68359375,13831.5166015625,0.0,91.40576171875,2.326209545135498,44.60905291142256,44.60905291142256,54.029361960309814,0.8256446364144101
214,4328192,33769,4879.4609375,50.50254821777344,4879.4609375,50.50254821777344,13831.5166015625,0.0,90.311279296875,0.934721827507019,44.60905291142256,44.60905291142256,54.029361960309814,0.8256446364144101
215,4348416,33927,4891.20263671875,73.29810333251953,4891.20263671875,73.29810333251953,13831.5166015625,0.0,90.52860260009766,1.3566337823867798,44.60905291142256,44.60905291142256,54.029361960309814,0.8256446364144101
216,4368640,34086,4917.205078125,36.20191192626953,4917.205078125,36.20191192626953,13831.5166015625,0.0,91.0098648071289,0.6700447797775269,44.60905291142256,44.60905291142256,54.029361960309814,0.8256446364144101
217,4388864,34244,4939.337890625,24.71275520324707,4939.337890625,24.71275520324707,13831.5166015625,0.0,91.41951751708984,0.45739367604255676,44.60905291142256,44.60905291142256,54.029361960309814,0.8256446364144101
218,4409088,34402,4884.89404296875,55.629364013671875,4884.89404296875,55.629364013671875,13831.5166015625,0.0,90.41183471679688,1.0296167135238647,44.60905291142256,44.60905291142256,54.029361960309814,0.8256446364144101
219,4429312,34560,4935.48681640625,104.50949096679688,4935.48681640625,104.50949096679688,13831.5166015625,0.0,91.34823608398438,1.9343088865280151,44.60905291142256,44.60905291142256,54.029361960309814,0.8256446364144101
220,4449536,34718,4910.77099609375,58.60145950317383,4910.77099609375,58.60145950317383,13831.5166015625,0.0,90.89077758789062,1.0846205949783325,44.60905291142256,44.60905291142256,54.029361960309814,0.8256446364144101
221,4469760,34876,4925.857421875,45.54876708984375,4925.857421875,45.54876708984375,13831.5166015625,0.0,91.17000579833984,0.8430344462394714,44.60905291142256,44.60905291142256,54.029361960309814,0.8256446364144101
222,4489984,35034,4860.72314453125,75.93680572509766,4860.72314453125,75.93680572509766,13831.5166015625,0.0,89.9644775390625,1.4054698944091797,44.60905291142256,44.60905291142256,54.029361960309814,0.8256446364144101
223,4510208,35193,4960.57470703125,49.187957763671875,4960.57470703125,49.187957763671875,13831.5166015625,0.0,91.81258392333984,0.9103929400444031,44.60905291142256,44.60905291142256,54.029361960309814,0.8256446364144101
224,4530432,35351,4950.15185546875,65.35352325439453,4950.15185546875,65.35352325439453,13831.5166015625,0.0,91.61965942382812,1.209588646888733,44.60905291142256,44.60905291142256,54.029361960309814,0.8256446364144101
225,4550656,35509,4905.51318359375,46.87257385253906,4905.51318359375,46.87257385253906,13831.5166015625,0.0,90.79346466064453,0.8675380945205688,44.60905291142256,44.60905291142256,54.029361960309814,0.8256446364144101
226,4570880,35666,4935.5849609375,33.101356506347656,4935.5849609375,33.101356506347656,13831.5166015625,0.0,91.35004425048828,0.6126548647880554,44.60905291142256,44.60905291142256,54.029361960309814,0.8256446364144101
227,4591104,35824,4897.43505859375,20.745222091674805,4897.43505859375,20.745222091674805,13831.5166015625,0.0,90.64395141601562,0.3839641213417053,44.60905291142256,44.60905291142256,54.029361960309814,0.8256446364144101
228,4611328,35983,4958.93505859375,90.86776733398438,4958.93505859375,90.86776733398438,13831.5166015625,0.0,91.7822265625,1.6818194389343262,44.60905291142256,44.60905291142256,54.029361960309814,0.8256446364144101
229,4631552,36140,4856.04345703125,24.43568229675293,4856.04345703125,24.43568229675293,13831.5166015625,0.0,89.87786102294922,0.4522659480571747,44.60905291142256,44.60905291142256,54.029361960309814,0.8256446364144101
230,4651776,36299,4991.08154296875,80.35424041748047,4991.08154296875,80.35424041748047,13831.5166015625,0.0,92.377197265625,1.4872379302978516,44.60905291142256,44.60905291142256,54.029361960309814,0.8256446364144101
231,4672000,36455,4917.13427734375,21.764469146728516,4917.13427734375,21.764469146728516,13831.5166015625,0.0,91.0085678100586,0.402829110622406,44.60905291142256,44.60905291142256,54.029361960309814,0.8256446364144101
232,4692224,36612,4921.80322265625,82.64260864257812,4921.80322265625,82.64260864257812,13831.5166015625,0.0,91.09497833251953,1.5295857191085815,44.60905291142256,44.60905291142256,54.029361960309814,0.8256446364144101
233,4712448,36769,4909.947265625,86.02864074707031,4909.947265625,86.02864074707031,13831.5166015625,0.0,90.87554168701172,1.592255711555481,44.60905291142256,44.60905291142256,54.029361960309814,0.8256446364144101
234,4732672,36926,4923.33154296875,19.341562271118164,4923.33154296875,19.341562271118164,13831.5166015625,0.0,91.12325286865234,0.35798075795173645,44.60905291142256,44.60905291142256,54.029361960309814,0.8256446364144101
235,4752896,37084,4930.77294921875,34.6113395690918,4930.77294921875,34.6113395690918,13831.5166015625,0.0,91.26097869873047,0.6406047940254211,44.60905291142256,44.60905291142256,54.029361960309814,0.8256446364144101
236,4773120,37242,4884.33544921875,53.27048110961914,4884.33544921875,53.27048110961914,13831.5166015625,0.0,90.40149688720703,0.9859572052955627,44.60905291142256,44.60905291142256,54.029361960309814,0.8256446364144101
237,4793344,37399,4937.98828125,43.18417739868164,4937.98828125,43.18417739868164,13831.5166015625,0.0,91.39453125,0.7992754578590393,44.60905291142256,44.60905291142256,54.029361960309814,0.8256446364144101
238,4813568,37556,4852.16015625,52.69935989379883,4852.16015625,52.69935989379883,13831.5166015625,0.0,89.80597686767578,0.9753856658935547,44.60905291142256,44.60905291142256,54.029361960309814,0.8256446364144101
239,4833792,37714,4874.97265625,73.4046401977539,4874.97265625,73.4046401977539,13831.5166015625,0.0,90.22821807861328,1.3586047887802124,44.60905291142256,44.60905291142256,54.029361960309814,0.8256446364144101
240,4854016,37873,4898.677734375,18.909013748168945,4898.677734375,18.909013748168945,13831.5166015625,0.0,90.66695404052734,0.34997379779815674,44.60905291142256,44.60905291142256,54.029361960309814,0.8256446364144101
241,4874240,38032,4968.60986328125,61.2854118347168,4968.60986328125,61.2854118347168,13831.5166015625,0.0,91.9613037109375,1.13429594039917,44.60905291142256,44.60905291142256,54.029361960309814,0.8256446364144101
242,4894464,38190,4956.92578125,75.73016357421875,4956.92578125,75.73016357421875,13831.5166015625,0.0,91.74504852294922,1.4016510248184204,44.60905291142256,44.60905291142256,54.029361960309814,0.8256446364144101
243,4914688,38347,4867.40771484375,55.90994644165039,4867.40771484375,55.90994644165039,13831.5166015625,0.0,90.08819580078125,1.034807801246643,44.60905291142256,44.60905291142256,54.029361960309814,0.8256446364144101
244,4934912,38506,4873.37451171875,58.62950134277344,4873.37451171875,58.62950134277344,13831.5166015625,0.0,90.19863891601562,1.0851426124572754,44.60905291142256,44.60905291142256,54.029361960309814,0.8256446364144101
245,4955136,38663,4957.95751953125,56.365333557128906,4957.95751953125,56.365333557128906,13831.5166015625,0.0,91.7641372680664,1.0432342290878296,44.60905291142256,44.60905291142256,54.029361960309814,0.8256446364144101
246,4975360,38822,4919.68798828125,82.14679718017578,4919.68798828125,82.14679718017578,13831.5166015625,0.0,91.05582427978516,1.5204119682312012,44.60905291142256,44.60905291142256,54.029361960309814,0.8256446364144101
247,4995584,38980,4919.69384765625,11.671889305114746,4919.69384765625,11.671889305114746,13831.5166015625,0.0,91.0559310913086,0.21602948009967804,44.60905291142256,44.60905291142256,54.029361960309814,0.8256446364144101
248,5015808,39138,4916.38623046875,49.105804443359375,4916.38623046875,49.105804443359375,13831.5166015625,0.0,90.99471282958984,0.9088692665100098,44.60905291142256,44.60905291142256,54.029361960309814,0.8256446364144101
249,5036032,39296,4945.94189453125,46.605464935302734,4945.94189453125,46.605464935302734,13831.5166015625,0.0,91.54174041748047,0.8625971078872681,44.60905291142256,44.60905291142256,54.029361960309814,0.8256446364144101
250,5056256,39454,4943.47998046875,34.64814758300781,4943.47998046875,34.64814758300781,13831.5166015625,0.0,91.49616241455078,0.6412848234176636,44.60905291142256,44.60905291142256,54.029361960309814,0.8256446364144101
251,5076480,39611,4953.84765625,42.640865325927734,4953.84765625,42.640865325927734,13831.5166015625,0.0,91.68807220458984,0.789219319820404,44.60905291142256,44.60905291142256,54.029361960309814,0.8256446364144101
252,5096704,39769,4902.36474609375,22.954444885253906,4902.36474609375,22.954444885253906,13831.5166015625,0.0,90.73519897460938,0.42485418915748596,44.60905291142256,44.60905291142256,54.029361960309814,0.8256446364144101
253,5116928,39928,4886.95458984375,34.03725814819336,4886.95458984375,34.03725814819336,13831.5166015625,0.0,90.4499740600586,0.629977822303772,44.60905291142256,44.60905291142256,54.029361960309814,0.8256446364144101
254,5137152,40087,4939.27685546875,63.09440994262695,4939.27685546875,63.09440994262695,13831.5166015625,0.0,91.41837310791016,1.1677805185317993,44.60905291142256,44.60905291142256,54.029361960309814,0.8256446364144101
255,5157376,40245,4885.31494140625,30.981849670410156,4885.31494140625,30.981849670410156,13831.5166015625,0.0,90.41963958740234,0.5734262466430664,44.60905291142256,44.60905291142256,54.029361960309814,0.8256446364144101
256,5177600,40403,4891.86474609375,20.015750885009766,4891.86474609375,20.015750885009766,13831.5166015625,0.0,90.54085540771484,0.37046340107917786,44.60905291142256,44.60905291142256,54.029361960309814,0.8256446364144101
257,5197824,40561,4933.634765625,13.066717147827148,4933.634765625,13.066717147827148,13831.5166015625,0.0,91.31395721435547,0.2418423295021057,44.60905291142256,44.60905291142256,54.029361960309814,0.8256446364144101
258,5218048,40720,4895.6171875,7.550732135772705,4895.6171875,7.550732135772705,13831.5166015625,0.0,90.61031341552734,0.13975632190704346,44.60905291142256,44.60905291142256,54.029361960309814,0.8256446364144101
259,5238272,40878,4968.17236328125,34.00019836425781,4968.17236328125,34.00019836425781,13831.5166015625,0.0,91.95320892333984,0.6292911171913147,44.60905291142256,44.60905291142256,54.029361960309814,0.8256446364144101
260,5258496,41038,4882.79638671875,72.95494079589844,4882.79638671875,72.95494079589844,13831.5166015625,0.0,90.37300872802734,1.350285291671753,44.60905291142256,44.60905291142256,54.029361960309814,0.8256446364144101
261,5278720,41196,4913.07421875,40.36579895019531,4913.07421875,40.36579895019531,13831.5166015625,0.0,90.93341064453125,0.7471097111701965,44.60905291142256,44.60905291142256,54.029361960309814,0.8256446364144101
262,5298944,41356,4854.76708984375,58.9281120300293,4854.76708984375,58.9281120300293,13831.5166015625,0.0,89.8542251586914,1.0906671285629272,44.60905291142256,44.60905291142256,54.029361960309814,0.8256446364144101
263,5319168,41514,4947.94482421875,21.36286163330078,4947.94482421875,21.36286163330078,13831.5166015625,0.0,91.57881927490234,0.39539486169815063,44.60905291142256,44.60905291142256,54.029361960309814,0.8256446364144101
264,5339392,41673,4929.318359375,10.634339332580566,4929.318359375,10.634339332580566,13831.5166015625,0.0,91.23406982421875,0.1968248188495636,44.60905291142256,44.60905291142256,54.029361960309814,0.8256446364144101
265,5359616,41832,4916.45458984375,7.148443698883057,4916.45458984375,7.148443698883057,13831.5166015625,0.0,90.9959716796875,0.1323111653327942,44.60905291142256,44.60905291142256,54.029361960309814,0.8256446364144101
266,5379840,41991,4913.56298828125,26.913179397583008,4913.56298828125,26.913179397583008,13831.5166015625,0.0,90.94246673583984,0.49812206625938416,44.60905291142256,44.60905291142256,54.029361960309814,0.8256446364144101
267,5400064,42151,4897.353515625,38.925559997558594,4897.353515625,38.925559997558594,13831.5166015625,0.0,90.64244842529297,0.720451831817627,44.60905291142256,44.60905291142256,54.029361960309814,0.8256446364144101
268,5420288,42311,4910.97021484375,67.44345092773438,4910.97021484375,67.44345092773438,13831.5166015625,0.0,90.89447021484375,1.2482763528823853,44.60905291142256,44.60905291142256,54.029361960309814,0.8256446364144101
269,5440512,42470,4841.75341796875,19.090133666992188,4841.75341796875,19.090133666992188,13831.5166015625,0.0,89.61337280273438,0.35332849621772766,44.60905291142256,44.60905291142256,54.029361960309814,0.8256446364144101
270,5460736,42629,4860.54296875,37.497737884521484,4860.54296875,37.497737884521484,13831.5166015625,0.0,89.96115112304688,0.6940211653709412,44.60905291142256,44.60905291142256,54.029361960309814,0.8256446364144101
271,5480960,42787,4918.86572265625,55.32836151123047,4918.86572265625,55.32836151123047,13831.5166015625,0.0,91.04061126708984,1.024041771888733,44.60905291142256,44.60905291142256,54.029361960309814,0.8256446364144101
272,5501184,42945,4916.24267578125,61.58113098144531,4916.24267578125,61.58113098144531,13831.5166015625,0.0,90.99205780029297,1.1397727727890015,44.60905291142256,44.60905291142256,54.029361960309814,0.8256446364144101
