20.0,30.0,10.0,30.0
40.0,10.0,40.0,10.0
40.0,10.0,40.0,10.0
40.0,10.0,40.0,10.0
40.0,10.0,40.0,10.0
40.0,10.0,40.0,10.0
40.0,10.0,40.0,10.0
40.0,10.0,40.0,10.0
40.0,10.0,40.0,10.0
40.0,10.0,40.0,10.0
50.0,0.0,40.0,10.0
50.0,0.0,40.0,10.0
50.0,0.0,40.0,10.0
50.0,0.0,40.0,10.0
50.0,0.0,40.0,10.0
50.0,0.0,40.0,10.0
50.0,0.0,40.0,10.0
50.0,0.0,40.0,10.0
50.0,0.0,40.0,10.0
50.0,0.0,40.0,10.0
50.0,0.0,40.0,10.0
50.0,0.0,40.0,10.0
50.0,0.0,40.0,10.0
50.0,0.0,40.0,10.0
50.0,0.0,40.0,10.0
40.0,10.0,40.0,10.0
40.0,10.0,40.0,10.0
40.0,10.0,40.0,10.0
40.0,10.0,40.0,10.0
40.0,10.0,40.0,10.0
40.0,10.0,40.0,10.0
40.0,10.0,40.0,10.0
40.0,10.0,40.0,10.0
40.0,10.0,40.0,10.0
40.0,10.0,40.0,10.0
40.0,10.0,40.0,10.0
40.0,10.0,40.0,10.0
40.0,10.0,40.0,10.0
40.0,10.0,40.0,10.0
40.0,10.0,40.0,10.0
40.0,10.0,40.0,10.0
40.0,10.0,40.0,10.0
40.0,10.0,40.0,10.0
40.0,10.0,40.0,10.0
40.0,10.0,40.0,10.0
40.0,10.0,40.0,10.0
40.0,10.0,40.0,10.0
40.0,10.0,40.0,10.0
40.0,10.0,40.0,10.0
40.0,10.0,40.0,10.0
40.0,10.0,40.0,10.0
40.0,10.0,40.0,10.0
40.0,10.0,40.0,10.0
40.0,10.0,40.0,10.0
40.0,10.0,40.0,10.0
40.0,10.0,40.0,10.0
40.0,10.0,40.0,10.0
40.0,10.0,40.0,10.0
40.0,10.0,40.0,10.0
40.0,10.0,40.0,10.0
40.0,10.0,40.0,10.0
40.0,10.0,40.0,10.0
40.0,10.0,40.0,10.0
40.0,10.0,40.0,10.0
40.0,10.0,40.0,10.0
40.0,10.0,40.0,10.0
40.0,10.0,40.0,10.0
40.0,10.0,40.0,10.0
40.0,10.0,40.0,10.0
40.0,10.0,40.0,10.0
40.0,10.0,40.0,10.0
40.0,10.0,40.0,10.0
40.0,10.0,40.0,10.0
40.0,10.0,40.0,10.0
40.0,10.0,40.0,10.0
40.0,10.0,40.0,10.0
40.0,10.0,40.0,10.0
40.0,10.0,40.0,10.0
40.0,10.0,40.0,10.0
40.0,10.0,40.0,10.0
40.0,10.0,40.0,10.0
40.0,10.0,40.0,10.0
40.0,10.0,40.0,10.0
40.0,10.0,40.0,10.0
40.0,10.0,40.0,10.0
40.0,10.0,40.0,10.0
40.0,10.0,40.0,10.0
40.0,10.0,40.0,10.0
40.0,10.0,40.0,10.0
40.0,10.0,40.0,10.0
40.0,10.0,40.0,10.0
40.0,10.0,40.0,10.0
40.0,10.0,40.0,10.0
40.0,10.0,40.0,10.0
40.0,10.0,40.0,10.0
40.0,10.0,40.0,10.0
40.0,10.0,40.0,10.0
40.0,10.0,40.0,10.0
40.0,10.0,40.0,10.0
40.0,10.0,40.0,10.0
40.0,10.0,40.0,10.0
40.0,10.0,40.0,10.0
40.0,10.0,40.0,10.0
40.0,10.0,40.0,10.0
40.0,10.0,40.0,10.0
40.0,10.0,40.0,10.0
40.0,10.0,40.0,10.0
40.0,10.0,40.0,10.0
40.0,10.0,40.0,10.0
40.0,10.0,40.0,10.0
40.0,10.0,40.0,10.0
40.0,10.0,40.0,10.0
40.0,10.0,40.0,10.0
40.0,10.0,40.0,10.0
40.0,10.0,40.0,10.0
40.0,10.0,40.0,10.0
40.0,10.0,40.0,10.0
